{
  "Arsenal": 2053.62329102,
  "Manchester City": 1999.296875,
  "Liverpool": 1944.39233398,
  "Aston Villa": 1921.37182617,
  "Chelsea": 1887.01904297,
  "Newcastle": 1865.11889648,
  "Brighton": 1828.42419434,
  "Manchester United": 1827.09802246,
  "Brentford": 1824.1138916,
  "Everton": 1815.16442871,
  "Tottenham": 1814.06420898,
  "Crystal Palace": 1806.82299805,
  "Fulham": 1796.44970703,
  "Bournemouth": 1795.74401855,
  "Forest": 1763.24975586,
  "Leeds": 1748.40881348,
  "West Ham": 1722.78186035,
  "Burnley": 1690.39318848,
  "Sunderland": 1674.57055664,
  "Wolverhampton": 1647.17260742,
  "Coventry": 1620.42785645,
  "Ipswich": 1618.58129883,
  "Leicester": 1566.83251953,
  "Middlesbrough": 1560.24499512,
  "Sheffield United": 1554.17102051,
  "Southampton": 1545.19616699,
  "Hull": 1538.32946777,
  "Bristol City": 1536.73291016,
  "Watford": 1528.64697266,
  "Millwall": 1520.53723145,
  "Preston": 1518.01672363,
  "QPR": 1508.78662109,
  "West Brom": 1507.48059082,
  "Blackburn": 1502.45947266,
  "Stoke": 1501.1673584,
  "Derby": 1493.67797852,
  "Swansea": 1491.60339355,
  "Wrexham": 1489.15307617,
  "Birmingham": 1466.24450684,
  "Norwich": 1463.85559082,
  "Portsmouth": 1460.85205078,
  "Charlton": 1440.99914551,
  "Oxford": 1439.53955078,
  "Sheffield Weds": 1395.45983887
}