{
  "Bayern Munich": 1996.34960938,
  "Borussia Dortmund": 1863.79956055,
  "Leverkusen": 1836.62121582,
  "Stuttgart": 1769.89916992,
  "RB Leipzig": 1760.5579834,
  "Freiburg": 1726.53833008,
  "Frankfurt": 1723.97106934,
  "Hoffenheim": 1690.6229248,
  "Mainz": 1658.28320312,
  "Werder": 1656.32580566,
  "Gladbach": 1656.04382324,
  "Union Berlin": 1648.53833008,
  "Wolfsburg": 1639.75415039,
  "Augsburg": 1606.23059082,
  "Koeln": 1584.99182129,
  "Hamburg": 1579.8034668,
  "St Pauli": 1567.62573242,
  "Elversberg": 1549.25512695,
  "Heidenheim": 1547.27709961,
  "Paderborn": 1533.62341309,
  "Darmstadt": 1517.04492188,
  "Bochum": 1515.24951172,
  "Hannover": 1507.41064453,
  "Holstein": 1502.52697754,
  "Schalke": 1501.59179688,
  "Hertha": 1486.75024414,
  "Lautern": 1478.44592285,
  "Karlsruhe": 1457.45898438,
  "Duesseldorf": 1445.83764648,
  "Magdeburg": 1445.16650391,
  "Nuernberg": 1439.06298828,
  "Muenster": 1421.62145996,
  "Bielefeld": 1395.19897461,
  "Braunschweig": 1391.99365234,
  "Fuerth": 1379.53381348,
  "Dresden": 1345.61083984
}